product,count
10 Hour Wear Perfection Foundation,60
Ultra HD Invisible Cover Foundation,50
Pro Filt'r Hydrating Longwear Foundation,50
Pro Filt'r Soft Matte Longwear Foundation,50
Pro Filt'r Soft Matte Powder Foundation,50
Luminous Foundation,50
Teint Idole Ultra Wear 24H Long Wear Foundation,50
Best Skin Ever Liquid Foundation,50
Liquid Touch Weightless Foundation,48
High Fidelity Foundation,43
Authentik Skin Natural Luminous Foundation,43
Conceal & Define Full Coverage Foundation,42
Meet Your Hue Foundation,42
Veiled Threat Weightless Micro-Blurring Foundation,42
I Am Magic Foundation,42
Pretty Fresh Foundation,42
Matte Velvet Skin Full Coverage Foundation,40
Fluide De Beauté Fini Naturel - Natural Finish Fluid Foundation,40
Your Skin But Better Foundation + Skincare,40
True Portrait Medium Coverage Shake Foundation,40
Fit Me Matte + Poreless Liquid Foundation,40
Bounce™ Liquid Whip Long Wear Foundation,40
Traceless Soft Matte Foundation,40
Traceless Foundation Stick,39
#FauxFilter Skin Finish Buildable Coverage Foundation Stick,39
Studio Skin 24 Hour Full Coverage Waterproof Foundation,38
Primer + Foundation Customizable Set,37
Foundation X+,36
Beyond Perfecting Foundation + Concealer,36
Sublime Perfection Foundation,36
BarePRO™ 24 hour Longwear Liquid Foundation with Mineral SPF 20,35
BAREPRO Performance Wear Powder Foundation,35
Matte Perfection Powder Foundation,35
Transformatte Pore Vanishing Matte Foundation,35
BAREPRO Longwear Powder Foundation,35
BAREPRO Performance Wear Liquid Foundation Broad Spectrum SPF 20,33
Studio Skin 24 Hour Oil-Free Hydra Foundation,32
Changemaker Supercharged Micellar Foundation,32
ORIGINAL Liquid Mineral Foundation Broad Spectrum SPF 20,30
#FauxFilter Full Coverage Matte Foundation,30
Synchro Skin Self-Refreshing Foundation SPF 30,30
Pretty in Bloom™ SPF 20 Flower-Infused Long-Wear Foundation,30
ORIGINAL Foundation Broad Spectrum SPF 15,30
I AM AN ORIGINAL GET STARTED® KIT Original Loose Mineral Foundation Customizable Set,30
Power Fabric Longwear High Cover Foundation SPF 25,30
Matte Foundation Broad Spectrum SPF 15,30
Matte Velvet Skin Blurring Powder Foundation,30
InstaBake Aqua Glass Foundation,30
Matte Loose Powder Mineral Foundation SPF 15,30
The Soft Fluid Long Wear Foundation SPF 20,27
Lock-It Powder Foundation,26
Lock-It Powder Foundation Refills,26
HD Liquid Coverage Foundation,26
Even Better Glow Light Reflecting Makeup Broad Spectrum SPF 15,26
Rénergie Lift Makeup Lightweight Liquid Foundation SPF 27,25
PRO Soft Focus Longwear Foundation,25
Dual Finish Multi-Tasking Lightweight Pressed Powder Foundation,25
Reboot Active Care Revitalizing Foundation,24
Neo Nude Foundation,24
All Nighter Liquid Full Coverage Foundation,24
Alight Clean Foundation,24
Super Stay Full Coverage Foundation,23
Matte Perfection Full Coverage Foundation,22
Infallible Pro-Matte Liquid Longwear Foundation,22
Clean Glowing Skin Foundation,20
Magic Foundation,20
COMPLEXION RESCUE™ Tinted Moisturizer with Hyaluronic Acid and Mineral SPF 30,20
Smooth Finish Foundation Powder,20
Ultra HD Invisible Cover Stick Foundation,20
Stay Matte Oil-Free Makeup,20
Complexion Rescue Hydrating Foundation Stick Broad Spectrum SPF 25,20
COMPLEXION RESCUE™ Hydrating Foundation Stick with Mineral SPF 25,20
Diorskin Forever Undercover Foundation,20
Foundation Balm,20
Super Serum Skin Tint SPF 40 Foundation,18
Beyond Matte Liquid Foundation,18
Absolute Cover Foundation,16
Tinted Face Oil Foundation,16
Matte Perfection Tinted Moisturizer,16
Synchro Skin Self-Refreshing Custom Finish Powder Foundation,16
The Etherealist Foundation,16
ColorStay Makeup For Combo/Oily Skin,16
Like a Light Skin Tint,15
Pretty Natural Hydrating Foundation,15
ColorStay Makeup For Normal/Dry Skin,15
SKIN FEELS GOOD Skin Nourishing Foundation,15
Teint Couture City Balm Radiant Perfecting Skin Tint SPF 25,14
Tinted Cover Foundation,14
Surreal Skin Foundation Wand,14
Clean Fresh Skin Milk Foundation,14
PHYTO-PIGMENTS Flawless Serum Foundation,13
Make No Mistake Foundation & Concealer Stick,13
Light Wonder Foundation,12
Hello Happy Flawless Brightening Foundation SPF 15,12
Beyond Perfecting Powder Foundation + Concealer,12
Matissime Velvet Radiant Mattifying Fluid Foundation SPF 20,12
Skin Weightless Powder Foundation,12
Hello Happy Velvet Powder Foundation,12
Conceal & Define Satte Matte Powder Foundation,12
Teint Idole Ultra Longwear Foundation Stick SPF 21,12
The Luminous Lifting Cushion Foundation SPF 20 + Refill,12
Hydromaniac Glowy Tinted Hydrator Foundation,12
Face Glow Foundation,12
ColorStay Full Cover Foundation,12
Hello Happy Air Stick Foundation SPF 20,12
Veil Fluid Makeup,11
Superbalanced Makeup,11
Aqua Foundation,10
Nudies Tinted Blur Stick,10
Stripped Nude Skin Tint,10
Fast Base Stick Foundation,9
Conceal & Glow Foundation,8
Olay Simply Ageless Foundation,8
Conceal & Hydrate Foundation,8
True Skin Hydrating Foundation,8
MicroSmooth Baked Powder Foundation,8
Clear Complexion Make Myself Clear Makeup,8
Luminous Silk Compact Powder Foundation,8
Diorskin Forever Perfect Matte Powder Foundation,8
Vibrancy Argan Oil Foundation Fluid,7
Even Better Refresh™ Hydrating and Repairing Foundation,7
ColorStay Light Cover Liquid Foundation,7
Travel Size Babassu Foundcealer Skincare Foundation Broad Spectrum SPF 20,6
Travel Size Face Tape Foundation,6
Water Blend Face & Body Foundation,6
Skin Perfecting Healthy Biome Makeup,6
Almost Powder Makeup,6
Color Control Cushion Compact Broad Spectrum SPF 50+,5
Designer Lift Smoothing Firming Full Coverage Foundation with SPF 20,5
Crema Nuda Supreme Glow Reviving Tinted Moisturizer,5
The Healthy Foundation SPF 20,4
Dreamskin Fresh & Perfect Cushion Broad Spectrum SPF 50,4
Dreamskin Fresh & Perfect Cushion Broad Spectrum SPF 50 Refill,4
Smart Shade Skintone Matching Makeup,3
Maestro Fusion Makeup SPF 15 Liquid Foundation,3
Mini Hello Happy Flawless Brightening Foundation SPF 15,2
Re(marc)able Full Cover Foundation Concentrate,2
Age Defense BB Cream Broad Spectrum SPF 30,1
Sports BB SPF 50+,1
bareSkin® Pure Brightening Serum Foundation Broad Spectrum SPF 20,1
BB Cream Tinted Moisturizer Broad Spectrum SPF20,1
Full Coverage Cream Foundation,1
Hello Happy Soft Blur Foundation,1
Bienfait Teinté Beauty Balm Sunscreen Broad Spectrum SPF 30,1
Shameless Youthful-Look 24H Foundation SPF 25,1
